"Status","Start Time","Stop Time","Duration in ms","Parent Suite","Suite","Sub Suite","Test Class","Test Method","Name","Description"
"passed","Wed Dec 18 10:39:35 GMT 2024","Wed Dec 18 10:39:36 GMT 2024","248","Selenium E2E tests","Selenium E2E tests","com.realworld.seleniumrealworldapp.LogoutTests","com.realworld.seleniumrealworldapp.LogoutTests","logout","logout",""
"passed","Wed Dec 18 10:39:31 GMT 2024","Wed Dec 18 10:39:32 GMT 2024","713","Selenium E2E tests","Selenium E2E tests","com.realworld.seleniumrealworldapp.GlobalFeedTests","com.realworld.seleniumrealworldapp.GlobalFeedTests","displayExpectedArticles","displayExpectedArticles",""
"passed","Wed Dec 18 10:39:48 GMT 2024","Wed Dec 18 10:39:49 GMT 2024","100","Selenium E2E tests","Selenium E2E tests","com.realworld.seleniumrealworldapp.UserDetailsTests","com.realworld.seleniumrealworldapp.UserDetailsTests","shouldNavigateToSettingsPage","shouldNavigateToSettingsPage",""
"passed","Wed Dec 18 10:39:40 GMT 2024","Wed Dec 18 10:39:42 GMT 2024","1845","Selenium E2E tests","Selenium E2E tests","com.realworld.seleniumrealworldapp.NewArticleTests","com.realworld.seleniumrealworldapp.NewArticleTests","updateArticle","updateArticle",""
"passed","Wed Dec 18 10:39:37 GMT 2024","Wed Dec 18 10:39:39 GMT 2024","1309","Selenium E2E tests","Selenium E2E tests","com.realworld.seleniumrealworldapp.NewArticleTests","com.realworld.seleniumrealworldapp.NewArticleTests","testCreateNewArticle","testCreateNewArticle",""
"passed","Wed Dec 18 10:39:46 GMT 2024","Wed Dec 18 10:39:47 GMT 2024","1213","Selenium E2E tests","Selenium E2E tests","com.realworld.seleniumrealworldapp.UserDetailsTests","com.realworld.seleniumrealworldapp.UserDetailsTests","displayFavoritedArticles","displayFavoritedArticles",""
"passed","Wed Dec 18 10:39:41 GMT 2024","Wed Dec 18 10:39:41 GMT 2024","265","Selenium E2E tests","Selenium E2E tests","com.realworld.seleniumrealworldapp.UserSettingsTests","com.realworld.seleniumrealworldapp.UserSettingsTests","updateBio","updateBio",""
"passed","Wed Dec 18 10:39:32 GMT 2024","Wed Dec 18 10:39:34 GMT 2024","2082","Selenium E2E tests","Selenium E2E tests","com.realworld.seleniumrealworldapp.ArticleDetailTests","com.realworld.seleniumrealworldapp.ArticleDetailTests","deleteArticle","deleteArticle",""
"passed","Wed Dec 18 10:39:39 GMT 2024","Wed Dec 18 10:39:40 GMT 2024","640","Selenium E2E tests","Selenium E2E tests","com.realworld.seleniumrealworldapp.SignUpTests","com.realworld.seleniumrealworldapp.SignUpTests","registerValidNewUser","registerValidNewUser",""
"passed","Wed Dec 18 10:39:37 GMT 2024","Wed Dec 18 10:39:38 GMT 2024","1219","Selenium E2E tests","Selenium E2E tests","com.realworld.seleniumrealworldapp.UserSettingsTests","com.realworld.seleniumrealworldapp.UserSettingsTests","updateAllFields","updateAllFields",""
"passed","Wed Dec 18 10:39:34 GMT 2024","Wed Dec 18 10:39:34 GMT 2024","674","Selenium E2E tests","Selenium E2E tests","com.realworld.seleniumrealworldapp.GlobalFeedTests","com.realworld.seleniumrealworldapp.GlobalFeedTests","likeAnArticle","likeAnArticle",""
"passed","Wed Dec 18 10:39:44 GMT 2024","Wed Dec 18 10:39:45 GMT 2024","395","Selenium E2E tests","Selenium E2E tests","com.realworld.seleniumrealworldapp.UserSettingsTests","com.realworld.seleniumrealworldapp.UserSettingsTests","updateEmail","updateEmail",""
"passed","Wed Dec 18 10:39:46 GMT 2024","Wed Dec 18 10:39:46 GMT 2024","546","Selenium E2E tests","Selenium E2E tests","com.realworld.seleniumrealworldapp.AuthorDetailTests","com.realworld.seleniumrealworldapp.AuthorDetailTests","followAuthor","followAuthor",""
"passed","Wed Dec 18 10:39:39 GMT 2024","Wed Dec 18 10:39:39 GMT 2024","519","Selenium E2E tests","Selenium E2E tests","com.realworld.seleniumrealworldapp.ArticleDetailTests","com.realworld.seleniumrealworldapp.ArticleDetailTests","likeArticle","likeArticle",""
"passed","Wed Dec 18 10:39:53 GMT 2024","Wed Dec 18 10:39:53 GMT 2024","245","Selenium E2E tests","Selenium E2E tests","com.realworld.seleniumrealworldapp.UserSettingsTests","com.realworld.seleniumrealworldapp.UserSettingsTests","updateUsername","updateUsername",""
"passed","Wed Dec 18 10:39:43 GMT 2024","Wed Dec 18 10:39:44 GMT 2024","779","Selenium E2E tests","Selenium E2E tests","com.realworld.seleniumrealworldapp.AuthorDetailTests","com.realworld.seleniumrealworldapp.AuthorDetailTests","displayFavoritedArticles","displayFavoritedArticles",""
"passed","Wed Dec 18 10:39:47 GMT 2024","Wed Dec 18 10:39:48 GMT 2024","372","Selenium E2E tests","Selenium E2E tests","com.realworld.seleniumrealworldapp.UserSettingsTests","com.realworld.seleniumrealworldapp.UserSettingsTests","updatePassword","updatePassword",""
"passed","Wed Dec 18 10:39:41 GMT 2024","Wed Dec 18 10:39:42 GMT 2024","562","Selenium E2E tests","Selenium E2E tests","com.realworld.seleniumrealworldapp.AuthorDetailTests","com.realworld.seleniumrealworldapp.AuthorDetailTests","displayAuthorArticles","displayAuthorArticles",""
"passed","Wed Dec 18 10:39:36 GMT 2024","Wed Dec 18 10:39:37 GMT 2024","1240","Selenium E2E tests","Selenium E2E tests","com.realworld.seleniumrealworldapp.TagsTests","com.realworld.seleniumrealworldapp.TagsTests","filterArticlesByTag","filterArticlesByTag",""
"passed","Wed Dec 18 10:39:35 GMT 2024","Wed Dec 18 10:39:36 GMT 2024","786","Selenium E2E tests","Selenium E2E tests","com.realworld.seleniumrealworldapp.ArticleDetailTests","com.realworld.seleniumrealworldapp.ArticleDetailTests","deleteComment","deleteComment",""
"passed","Wed Dec 18 10:39:43 GMT 2024","Wed Dec 18 10:39:44 GMT 2024","1094","Selenium E2E tests","Selenium E2E tests","com.realworld.seleniumrealworldapp.UserDetailsTests","com.realworld.seleniumrealworldapp.UserDetailsTests","displayExpectedUserArticles","displayExpectedUserArticles",""
"passed","Wed Dec 18 10:39:50 GMT 2024","Wed Dec 18 10:39:50 GMT 2024","251","Selenium E2E tests","Selenium E2E tests","com.realworld.seleniumrealworldapp.UserSettingsTests","com.realworld.seleniumrealworldapp.UserSettingsTests","updateProfilePicture","updateProfilePicture",""
"passed","Wed Dec 18 10:39:34 GMT 2024","Wed Dec 18 10:39:35 GMT 2024","354","Selenium E2E tests","Selenium E2E tests","com.realworld.seleniumrealworldapp.TagsTests","com.realworld.seleniumrealworldapp.TagsTests","displayPopularTags","displayPopularTags",""
"passed","Wed Dec 18 10:39:29 GMT 2024","Wed Dec 18 10:39:31 GMT 2024","1560","Selenium E2E tests","Selenium E2E tests","com.realworld.seleniumrealworldapp.ArticleDetailTests","com.realworld.seleniumrealworldapp.ArticleDetailTests","addComment","addComment",""
"passed","Wed Dec 18 10:39:41 GMT 2024","Wed Dec 18 10:39:42 GMT 2024","855","Selenium E2E tests","Selenium E2E tests","com.realworld.seleniumrealworldapp.SignUpTests","com.realworld.seleniumrealworldapp.SignUpTests","registerWithExistingEmail","registerWithExistingEmail",""
"passed","Wed Dec 18 10:39:37 GMT 2024","Wed Dec 18 10:39:38 GMT 2024","536","Selenium E2E tests","Selenium E2E tests","com.realworld.seleniumrealworldapp.ArticleDetailTests","com.realworld.seleniumrealworldapp.ArticleDetailTests","followAuthor","followAuthor",""
